1 star_review No.0001.txt,1
1 star_review No.0002.txt,1
1 star_review No.0003.txt,1
1 star_review No.0004.txt,1
1 star_review No.0005.txt,1
1 star_review No.0006.txt,1
1 star_review No.0007.txt,1
1 star_review No.0008.txt,1
1 star_review No.0009.txt,1
1 star_review No.0010.txt,1
1 star_review No.0011.txt,1
1 star_review No.0012.txt,1
1 star_review No.0013.txt,1
1 star_review No.0014.txt,1
1 star_review No.0015.txt,1
1 star_review No.0016.txt,1
1 star_review No.0017.txt,1
1 star_review No.0018.txt,1
2 star_review No.0001.txt,2
2 star_review No.0002.txt,2
2 star_review No.0003.txt,2
2 star_review No.0004.txt,2
2 star_review No.0005.txt,2
2 star_review No.0006.txt,2
2 star_review No.0007.txt,2
2 star_review No.0008.txt,2
2 star_review No.0009.txt,2
2 star_review No.0010.txt,2
2 star_review No.0011.txt,2
3 star_review No.0001.txt,3
3 star_review No.0002.txt,3
3 star_review No.0003.txt,3
3 star_review No.0004.txt,3
3 star_review No.0005.txt,3
3 star_review No.0006.txt,3
3 star_review No.0007.txt,3
3 star_review No.0008.txt,3
3 star_review No.0009.txt,3
3 star_review No.0010.txt,3
3 star_review No.0011.txt,3
3 star_review No.0012.txt,3
3 star_review No.0013.txt,3
3 star_review No.0014.txt,3
3 star_review No.0015.txt,3
3 star_review No.0016.txt,3
3 star_review No.0017.txt,3
3 star_review No.0018.txt,3
3 star_review No.0019.txt,3
3 star_review No.0020.txt,3
3 star_review No.0021.txt,3
3 star_review No.0022.txt,3
3 star_review No.0023.txt,3
3 star_review No.0024.txt,3
3 star_review No.0025.txt,3
3 star_review No.0026.txt,3
3 star_review No.0027.txt,3
3 star_review No.0028.txt,3
3 star_review No.0029.txt,3
3 star_review No.0030.txt,3
3 star_review No.0031.txt,3
3 star_review No.0032.txt,3
3 star_review No.0033.txt,3
3 star_review No.0034.txt,3
3 star_review No.0035.txt,3
3 star_review No.0036.txt,3
3 star_review No.0037.txt,3
3 star_review No.0038.txt,3
3 star_review No.0039.txt,3
3 star_review No.0040.txt,3
3 star_review No.0041.txt,3
3 star_review No.0042.txt,3
3 star_review No.0043.txt,3
3 star_review No.0044.txt,3
3 star_review No.0045.txt,3
3 star_review No.0046.txt,3
3 star_review No.0047.txt,3
3 star_review No.0048.txt,3
3 star_review No.0049.txt,3
3 star_review No.0050.txt,3
3 star_review No.0051.txt,3
3 star_review No.0052.txt,3
3 star_review No.0053.txt,3
3 star_review No.0054.txt,3
3 star_review No.0055.txt,3
3 star_review No.0056.txt,3
3 star_review No.0057.txt,3
3 star_review No.0058.txt,3
3 star_review No.0059.txt,3
3 star_review No.0060.txt,3
3 star_review No.0061.txt,3
3 star_review No.0062.txt,3
3 star_review No.0063.txt,3
3 star_review No.0064.txt,3
3 star_review No.0065.txt,3
3 star_review No.0066.txt,3
3 star_review No.0067.txt,3
4 star_review No.0001.txt,4
4 star_review No.0002.txt,4
4 star_review No.0003.txt,4
4 star_review No.0004.txt,4
4 star_review No.0005.txt,4
4 star_review No.0006.txt,4
4 star_review No.0007.txt,4
4 star_review No.0008.txt,4
4 star_review No.0009.txt,4
4 star_review No.0010.txt,4
4 star_review No.0011.txt,4
4 star_review No.0012.txt,4
4 star_review No.0013.txt,4
4 star_review No.0014.txt,4
4 star_review No.0015.txt,4
4 star_review No.0016.txt,4
4 star_review No.0017.txt,4
4 star_review No.0018.txt,4
4 star_review No.0019.txt,4
4 star_review No.0020.txt,4
4 star_review No.0021.txt,4
4 star_review No.0022.txt,4
4 star_review No.0023.txt,4
4 star_review No.0024.txt,4
4 star_review No.0025.txt,4
4 star_review No.0026.txt,4
4 star_review No.0027.txt,4
4 star_review No.0028.txt,4
4 star_review No.0029.txt,4
4 star_review No.0030.txt,4
4 star_review No.0031.txt,4
4 star_review No.0032.txt,4
4 star_review No.0033.txt,4
4 star_review No.0034.txt,4
4 star_review No.0035.txt,4
4 star_review No.0036.txt,4
4 star_review No.0037.txt,4
4 star_review No.0038.txt,4
4 star_review No.0039.txt,4
4 star_review No.0040.txt,4
4 star_review No.0041.txt,4
4 star_review No.0042.txt,4
4 star_review No.0043.txt,4
4 star_review No.0044.txt,4
4 star_review No.0045.txt,4
4 star_review No.0046.txt,4
4 star_review No.0047.txt,4
4 star_review No.0048.txt,4
4 star_review No.0049.txt,4
4 star_review No.0050.txt,4
4 star_review No.0051.txt,4
4 star_review No.0052.txt,4
4 star_review No.0053.txt,4
4 star_review No.0054.txt,4
4 star_review No.0055.txt,4
4 star_review No.0056.txt,4
4 star_review No.0057.txt,4
4 star_review No.0058.txt,4
4 star_review No.0059.txt,4
4 star_review No.0060.txt,4
4 star_review No.0061.txt,4
4 star_review No.0062.txt,4
4 star_review No.0063.txt,4
4 star_review No.0064.txt,4
4 star_review No.0065.txt,4
4 star_review No.0066.txt,4
4 star_review No.0067.txt,4
4 star_review No.0068.txt,4
4 star_review No.0069.txt,4
4 star_review No.0070.txt,4
4 star_review No.0071.txt,4
4 star_review No.0072.txt,4
4 star_review No.0073.txt,4
4 star_review No.0074.txt,4
4 star_review No.0075.txt,4
4 star_review No.0076.txt,4
4 star_review No.0077.txt,4
4 star_review No.0078.txt,4
4 star_review No.0079.txt,4
4 star_review No.0080.txt,4
4 star_review No.0081.txt,4
4 star_review No.0082.txt,4
4 star_review No.0083.txt,4
4 star_review No.0084.txt,4
4 star_review No.0085.txt,4
4 star_review No.0086.txt,4
4 star_review No.0087.txt,4
4 star_review No.0088.txt,4
4 star_review No.0089.txt,4
4 star_review No.0090.txt,4
4 star_review No.0091.txt,4
4 star_review No.0092.txt,4
4 star_review No.0093.txt,4
4 star_review No.0094.txt,4
4 star_review No.0095.txt,4
4 star_review No.0096.txt,4
4 star_review No.0097.txt,4
4 star_review No.0098.txt,4
4 star_review No.0099.txt,4
4 star_review No.0100.txt,4
4 star_review No.0101.txt,4
4 star_review No.0102.txt,4
4 star_review No.0103.txt,4
4 star_review No.0104.txt,4
4 star_review No.0105.txt,4
4 star_review No.0106.txt,4
4 star_review No.0107.txt,4
4 star_review No.0108.txt,4
4 star_review No.0109.txt,4
4 star_review No.0110.txt,4
4 star_review No.0111.txt,4
4 star_review No.0112.txt,4
4 star_review No.0113.txt,4
4 star_review No.0114.txt,4
4 star_review No.0115.txt,4
4 star_review No.0116.txt,4
4 star_review No.0117.txt,4
4 star_review No.0118.txt,4
4 star_review No.0119.txt,4
4 star_review No.0120.txt,4
4 star_review No.0121.txt,4
4 star_review No.0122.txt,4
4 star_review No.0123.txt,4
4 star_review No.0124.txt,4
4 star_review No.0125.txt,4
4 star_review No.0126.txt,4
4 star_review No.0127.txt,4
4 star_review No.0128.txt,4
4 star_review No.0129.txt,4
4 star_review No.0130.txt,4
4 star_review No.0131.txt,4
4 star_review No.0132.txt,4
4 star_review No.0133.txt,4
4 star_review No.0134.txt,4
4 star_review No.0135.txt,4
5 star_review No.0001.txt,5
5 star_review No.0002.txt,5
5 star_review No.0003.txt,5
5 star_review No.0004.txt,5
5 star_review No.0005.txt,5
5 star_review No.0006.txt,5
5 star_review No.0007.txt,5
5 star_review No.0008.txt,5
5 star_review No.0009.txt,5
5 star_review No.0010.txt,5
5 star_review No.0011.txt,5
5 star_review No.0012.txt,5
5 star_review No.0013.txt,5
5 star_review No.0014.txt,5
5 star_review No.0015.txt,5
5 star_review No.0016.txt,5
5 star_review No.0017.txt,5
5 star_review No.0018.txt,5
5 star_review No.0019.txt,5
5 star_review No.0020.txt,5
5 star_review No.0021.txt,5
5 star_review No.0022.txt,5
5 star_review No.0023.txt,5
5 star_review No.0024.txt,5
5 star_review No.0025.txt,5
5 star_review No.0026.txt,5
5 star_review No.0027.txt,5
5 star_review No.0028.txt,5
5 star_review No.0029.txt,5
5 star_review No.0030.txt,5
5 star_review No.0031.txt,5
5 star_review No.0032.txt,5
5 star_review No.0033.txt,5
5 star_review No.0034.txt,5
5 star_review No.0035.txt,5
5 star_review No.0036.txt,5
5 star_review No.0037.txt,5
5 star_review No.0038.txt,5
5 star_review No.0039.txt,5
5 star_review No.0040.txt,5
5 star_review No.0041.txt,5
5 star_review No.0042.txt,5
5 star_review No.0043.txt,5
5 star_review No.0044.txt,5
5 star_review No.0045.txt,5
5 star_review No.0046.txt,5
5 star_review No.0047.txt,5
5 star_review No.0048.txt,5
5 star_review No.0049.txt,5
5 star_review No.0050.txt,5
5 star_review No.0051.txt,5
5 star_review No.0052.txt,5
5 star_review No.0053.txt,5
5 star_review No.0054.txt,5
5 star_review No.0055.txt,5
5 star_review No.0056.txt,5
5 star_review No.0057.txt,5
5 star_review No.0058.txt,5
5 star_review No.0059.txt,5
5 star_review No.0060.txt,5
5 star_review No.0061.txt,5
5 star_review No.0062.txt,5
5 star_review No.0063.txt,5
5 star_review No.0064.txt,5
5 star_review No.0065.txt,5
5 star_review No.0066.txt,5
5 star_review No.0067.txt,5
5 star_review No.0068.txt,5
5 star_review No.0069.txt,5
5 star_review No.0070.txt,5
5 star_review No.0071.txt,5
5 star_review No.0072.txt,5
5 star_review No.0073.txt,5
5 star_review No.0074.txt,5
5 star_review No.0075.txt,5
5 star_review No.0076.txt,5
5 star_review No.0077.txt,5
5 star_review No.0078.txt,5
5 star_review No.0079.txt,5
5 star_review No.0080.txt,5
5 star_review No.0081.txt,5
5 star_review No.0082.txt,5
5 star_review No.0083.txt,5
5 star_review No.0084.txt,5
5 star_review No.0085.txt,5
5 star_review No.0086.txt,5
5 star_review No.0087.txt,5
5 star_review No.0088.txt,5
5 star_review No.0089.txt,5
5 star_review No.0090.txt,5
5 star_review No.0091.txt,5
5 star_review No.0092.txt,5
5 star_review No.0093.txt,5
5 star_review No.0094.txt,5
5 star_review No.0095.txt,5
5 star_review No.0096.txt,5
5 star_review No.0097.txt,5
5 star_review No.0098.txt,5
5 star_review No.0099.txt,5
5 star_review No.0100.txt,5
5 star_review No.0101.txt,5
5 star_review No.0102.txt,5
5 star_review No.0103.txt,5
5 star_review No.0104.txt,5
5 star_review No.0105.txt,5
5 star_review No.0106.txt,5
5 star_review No.0107.txt,5
5 star_review No.0108.txt,5
5 star_review No.0109.txt,5
5 star_review No.0110.txt,5
5 star_review No.0111.txt,5
5 star_review No.0112.txt,5
5 star_review No.0113.txt,5
5 star_review No.0114.txt,5
5 star_review No.0115.txt,5
5 star_review No.0116.txt,5
5 star_review No.0117.txt,5
5 star_review No.0118.txt,5
5 star_review No.0119.txt,5
5 star_review No.0120.txt,5
5 star_review No.0121.txt,5
5 star_review No.0122.txt,5
5 star_review No.0123.txt,5
5 star_review No.0124.txt,5
5 star_review No.0125.txt,5
5 star_review No.0126.txt,5
5 star_review No.0127.txt,5
5 star_review No.0128.txt,5
5 star_review No.0129.txt,5
5 star_review No.0130.txt,5
5 star_review No.0131.txt,5
5 star_review No.0132.txt,5
5 star_review No.0133.txt,5
5 star_review No.0134.txt,5
5 star_review No.0135.txt,5
5 star_review No.0136.txt,5
5 star_review No.0137.txt,5
5 star_review No.0138.txt,5
5 star_review No.0139.txt,5
5 star_review No.0140.txt,5
5 star_review No.0141.txt,5
5 star_review No.0142.txt,5
5 star_review No.0143.txt,5
5 star_review No.0144.txt,5
5 star_review No.0145.txt,5
5 star_review No.0146.txt,5
5 star_review No.0147.txt,5
5 star_review No.0148.txt,5
5 star_review No.0149.txt,5
5 star_review No.0150.txt,5
5 star_review No.0151.txt,5
5 star_review No.0152.txt,5
5 star_review No.0153.txt,5
5 star_review No.0154.txt,5
5 star_review No.0155.txt,5
5 star_review No.0156.txt,5
5 star_review No.0157.txt,5
5 star_review No.0158.txt,5
5 star_review No.0159.txt,5
5 star_review No.0160.txt,5
5 star_review No.0161.txt,5
5 star_review No.0162.txt,5
5 star_review No.0163.txt,5
5 star_review No.0164.txt,5
5 star_review No.0165.txt,5
5 star_review No.0166.txt,5
5 star_review No.0167.txt,5
5 star_review No.0168.txt,5
5 star_review No.0169.txt,5
5 star_review No.0170.txt,5
5 star_review No.0171.txt,5
5 star_review No.0172.txt,5
5 star_review No.0173.txt,5
5 star_review No.0174.txt,5
5 star_review No.0175.txt,5
5 star_review No.0176.txt,5
5 star_review No.0177.txt,5
5 star_review No.0178.txt,5
5 star_review No.0179.txt,5
5 star_review No.0180.txt,5
5 star_review No.0181.txt,5
5 star_review No.0182.txt,5
5 star_review No.0183.txt,5
5 star_review No.0184.txt,5
5 star_review No.0185.txt,5
5 star_review No.0186.txt,5
5 star_review No.0187.txt,5
5 star_review No.0188.txt,5
5 star_review No.0189.txt,5
5 star_review No.0190.txt,5
5 star_review No.0191.txt,5
5 star_review No.0192.txt,5
5 star_review No.0193.txt,5
5 star_review No.0194.txt,5
5 star_review No.0195.txt,5
5 star_review No.0196.txt,5
5 star_review No.0197.txt,5
5 star_review No.0198.txt,5
5 star_review No.0199.txt,5
5 star_review No.0200.txt,5
5 star_review No.0201.txt,5
5 star_review No.0202.txt,5
5 star_review No.0203.txt,5
5 star_review No.0204.txt,5
5 star_review No.0205.txt,5
5 star_review No.0206.txt,5
5 star_review No.0207.txt,5
5 star_review No.0208.txt,5
5 star_review No.0209.txt,5
5 star_review No.0210.txt,5
5 star_review No.0211.txt,5
5 star_review No.0212.txt,5
5 star_review No.0213.txt,5
5 star_review No.0214.txt,5
5 star_review No.0215.txt,5
5 star_review No.0216.txt,5
5 star_review No.0217.txt,5
5 star_review No.0218.txt,5
5 star_review No.0219.txt,5
5 star_review No.0220.txt,5
5 star_review No.0221.txt,5
5 star_review No.0222.txt,5
5 star_review No.0223.txt,5
5 star_review No.0224.txt,5
5 star_review No.0225.txt,5
5 star_review No.0226.txt,5
5 star_review No.0227.txt,5
5 star_review No.0228.txt,5
5 star_review No.0229.txt,5
5 star_review No.0230.txt,5
5 star_review No.0231.txt,5
5 star_review No.0232.txt,5
5 star_review No.0233.txt,5
5 star_review No.0234.txt,5
5 star_review No.0235.txt,5
5 star_review No.0236.txt,5
5 star_review No.0237.txt,5
5 star_review No.0238.txt,5
5 star_review No.0239.txt,5
5 star_review No.0240.txt,5
5 star_review No.0241.txt,5
5 star_review No.0242.txt,5
5 star_review No.0243.txt,5
5 star_review No.0244.txt,5
5 star_review No.0245.txt,5
5 star_review No.0246.txt,5
5 star_review No.0247.txt,5
5 star_review No.0248.txt,5
5 star_review No.0249.txt,5
5 star_review No.0250.txt,5
5 star_review No.0251.txt,5
5 star_review No.0252.txt,5
5 star_review No.0253.txt,5
5 star_review No.0254.txt,5
5 star_review No.0255.txt,5
5 star_review No.0256.txt,5
5 star_review No.0257.txt,5
5 star_review No.0258.txt,5
5 star_review No.0259.txt,5
5 star_review No.0260.txt,5
5 star_review No.0261.txt,5
5 star_review No.0262.txt,5
5 star_review No.0263.txt,5
5 star_review No.0264.txt,5
5 star_review No.0265.txt,5
5 star_review No.0266.txt,5
5 star_review No.0267.txt,5
5 star_review No.0268.txt,5
5 star_review No.0269.txt,5
5 star_review No.0270.txt,5
5 star_review No.0271.txt,5
5 star_review No.0272.txt,5
5 star_review No.0273.txt,5
5 star_review No.0274.txt,5
5 star_review No.0275.txt,5
5 star_review No.0276.txt,5
5 star_review No.0277.txt,5
5 star_review No.0278.txt,5
5 star_review No.0279.txt,5
5 star_review No.0280.txt,5
5 star_review No.0281.txt,5
5 star_review No.0282.txt,5
5 star_review No.0283.txt,5
5 star_review No.0284.txt,5
5 star_review No.0285.txt,5
5 star_review No.0286.txt,5
5 star_review No.0287.txt,5
5 star_review No.0288.txt,5
5 star_review No.0289.txt,5
5 star_review No.0290.txt,5
5 star_review No.0291.txt,5
5 star_review No.0292.txt,5
5 star_review No.0293.txt,5
5 star_review No.0294.txt,5
5 star_review No.0295.txt,5
5 star_review No.0296.txt,5
5 star_review No.0297.txt,5
5 star_review No.0298.txt,5
5 star_review No.0299.txt,5
5 star_review No.0300.txt,5
5 star_review No.0301.txt,5
5 star_review No.0302.txt,5
5 star_review No.0303.txt,5
5 star_review No.0304.txt,5
5 star_review No.0305.txt,5
5 star_review No.0306.txt,5
5 star_review No.0307.txt,5
5 star_review No.0308.txt,5
5 star_review No.0309.txt,5
5 star_review No.0310.txt,5
5 star_review No.0311.txt,5
5 star_review No.0312.txt,5
5 star_review No.0313.txt,5
5 star_review No.0314.txt,5
5 star_review No.0315.txt,5
5 star_review No.0316.txt,5
5 star_review No.0317.txt,5
5 star_review No.0318.txt,5
5 star_review No.0319.txt,5
5 star_review No.0320.txt,5
5 star_review No.0321.txt,5
5 star_review No.0322.txt,5
5 star_review No.0323.txt,5
5 star_review No.0324.txt,5
5 star_review No.0325.txt,5
5 star_review No.0326.txt,5
5 star_review No.0327.txt,5
5 star_review No.0328.txt,5
5 star_review No.0329.txt,5
5 star_review No.0330.txt,5
5 star_review No.0331.txt,5
5 star_review No.0332.txt,5
5 star_review No.0333.txt,5
5 star_review No.0334.txt,5
5 star_review No.0335.txt,5
5 star_review No.0336.txt,5
5 star_review No.0337.txt,5
5 star_review No.0338.txt,5
5 star_review No.0339.txt,5
5 star_review No.0340.txt,5
5 star_review No.0341.txt,5
5 star_review No.0342.txt,5
5 star_review No.0343.txt,5
5 star_review No.0344.txt,5
5 star_review No.0345.txt,5
5 star_review No.0346.txt,5
5 star_review No.0347.txt,5
5 star_review No.0348.txt,5
5 star_review No.0349.txt,5
5 star_review No.0350.txt,5
5 star_review No.0351.txt,5
5 star_review No.0352.txt,5
5 star_review No.0353.txt,5
5 star_review No.0354.txt,5
5 star_review No.0355.txt,5
5 star_review No.0356.txt,5
5 star_review No.0357.txt,5
5 star_review No.0358.txt,5
5 star_review No.0359.txt,5
5 star_review No.0360.txt,5
5 star_review No.0361.txt,5
5 star_review No.0362.txt,5
5 star_review No.0363.txt,5
5 star_review No.0364.txt,5
5 star_review No.0365.txt,5
5 star_review No.0366.txt,5
5 star_review No.0367.txt,5
5 star_review No.0368.txt,5
5 star_review No.0369.txt,5
5 star_review No.0370.txt,5
5 star_review No.0371.txt,5
5 star_review No.0372.txt,5
5 star_review No.0373.txt,5
5 star_review No.0374.txt,5
5 star_review No.0375.txt,5
5 star_review No.0376.txt,5
5 star_review No.0377.txt,5
5 star_review No.0378.txt,5
5 star_review No.0379.txt,5
5 star_review No.0380.txt,5
5 star_review No.0381.txt,5
5 star_review No.0382.txt,5
5 star_review No.0383.txt,5
5 star_review No.0384.txt,5
5 star_review No.0385.txt,5
5 star_review No.0386.txt,5
5 star_review No.0387.txt,5
